Type,Precision (P),Recall (R),Residual Recall (R+),F1,"# of TP","# of FP","# of FN","# of Correspondences",Time,Time (HH:MM:SS)
ALL,0.28271150814503415,0.3548812664907652,0.3548812664907652,0.3147119040655162,538,1365,978,1903,9158983380400,02:32:38
CLASSES,0.0,0.0,0.0,0.0,0,803,0,803,-,-
PROPERTIES,0.0,0.0,0.0,0.0,0,0,0,0,-,-
INSTANCES,0.0,0.0,0.0,0.0,0,0,0,0,-,-
