Type,Precision (P),Recall (R),Residual Recall (R+),F1,"# of TP","# of FP","# of FN","# of Correspondences",Time,Time (HH:MM:SS)
ALL,0.3149946062567422,0.38522427440633245,0.38522427440633245,0.3465875370919881,584,1270,932,1854,6986814829600,01:56:26
CLASSES,0.0,0.0,0.0,0.0,0,782,0,782,-,-
PROPERTIES,0.0,0.0,0.0,0.0,0,0,0,0,-,-
INSTANCES,0.0,0.0,0.0,0.0,0,0,0,0,-,-
